<Subscription xmlns="http://schemas.microsoft.com/2006/03/windows/events/subscription">
    <!--Unique Id of subscription -->
    <SubscriptionId>Collection1</SubscriptionId>
    <!--SourceInitiated or CollectorInitiated are  -->
    <SubscriptionType>CollectorInitiated</SubscriptionType>
    <!-- Friendly description of what this subscription does-->
    <Description>Collector Initiated Subscription Test 1</Description>
    <!-- Sets whether subscription is currently enabled/disabled-->
    <Enabled>true</Enabled>
    <Uri>http://schemas.microsoft.com/wbem/wsman/1/windows/EventLog</Uri>
	<!-- Use Normal (default), Custom, MinLatency, MinBandwidth -->
    <ConfigurationMode>Custom</ConfigurationMode>
    <!-- Delivery mode can be either Push or Pull -->
    <Delivery Mode="Push">
        <Batching>
        	<!-- MaxItems and MaxLatencyTime determine how source will batch items.  
        	In this example it will wait for 20 events or 20 seconds -->
            <MaxItems>20</MaxItems>
            <MaxLatencyTime>20000</MaxLatencyTime>
        </Batching>
        <PushSettings>
        	<!-- Determines how often collector will check if source is still online-->
            <Heartbeat Interval="20000"/>
        </PushSettings>
    </Delivery>
    <!-- UTC time when subscription will expire-->
    <Expires>2018-01-01T00:00:00.000Z</Expires>
    <Query>
        <![CDATA[
            <QueryList>
                <Query Path="Application">
                    <Select>*</Select>
                </Query>
            </QueryList>
        ]]>
    </Query>
    <!-- Determines if subscription will read existing events from event source-->
    <ReadExistingEvents>false</ReadExistingEvents>
    <!--Can be either http or https -->
    <TransportName>http</TransportName>
    <!--Can be either RenderedText or Raw -->
    <ContentFormat>RenderedText</ContentFormat>
    <!--Locale to be used -->
    <Locale Language="en-US"/>
    <!--Windows event log to forward event to -->
    <LogFile>ForwardedEvents</LogFile>
    <!--Valid values are Default, Basic, Negotiate, Digest -->
    <CredentialsType>Basic</CredentialsType>
    <!--1..n event sources, determines source list for collector for this subscription-->
    <EventSources>
        <EventSource Enabled="true">
            <Address>LC1-12C28.DC162220.lab</Address>
            <!-- This setting is overridded by wecutil if /cun parameter is used.-->
            <UserName>administrator</UserName>
        </EventSource>
    </EventSources>
</Subscription>
